/* 사용자 샘플 데이터 */
INSERT INTO TB_USER(EMPLYR_ID, EMPLYR_NM, EMAIL, PASSWORD, USE_AT, SECSN_AT, REGIST_DT, UPDT_DT)
VALUES ('00000000000000000001', '홍길동', 'hong@gmail.com', 'password', 'Y', 'N', NOW(), NULL);
INSERT INTO TB_USER(EMPLYR_ID, EMPLYR_NM, EMAIL, PASSWORD, USE_AT, SECSN_AT, REGIST_DT, UPDT_DT)
VALUES ('00000000000000000002', '김춘향', 'kim@gmail.com', 'password', 'Y', 'N', NOW(), NULL);
INSERT INTO TB_USER(EMPLYR_ID, EMPLYR_NM, EMAIL, PASSWORD, USE_AT, SECSN_AT, REGIST_DT, UPDT_DT)
VALUES ('00000000000000000003', '남도일', 'nam@gmail.com', 'password', 'Y', 'N', NOW(), NULL);

/* 피드 샘플 데이터 */
INSERT INTO TB_FEED(FEED_SN, REGIST_EMPLYR_ID, CN, ATCH_FILE_ID, DELETE_AT, REGIST_DT, UPDT_DT, DELETE_DT)
VALUES(1, '00000000000000000001', '홍길동 테스트 피드 내용 입니다', NULL, 'N', NOW(), NULL, NULL);
INSERT INTO TB_FEED(FEED_SN, REGIST_EMPLYR_ID, CN, ATCH_FILE_ID, DELETE_AT, REGIST_DT, UPDT_DT, DELETE_DT)
VALUES(2, '00000000000000000002', '김춘향 테스트 피드 내용 입니다', NULL, 'N', NOW(), NULL, NULL);
INSERT INTO TB_FEED(FEED_SN, REGIST_EMPLYR_ID, CN, ATCH_FILE_ID, DELETE_AT, REGIST_DT, UPDT_DT, DELETE_DT)
VALUES(3, '00000000000000000003', '남도일 테스트 피드 내용 입니다', NULL, 'N', NOW(), NULL, NULL);

/* 피드 코멘트 샘플 데이터 */
INSERT INTO TB_FEED_CM(CM_SN, FEED_SN, CN, REGIST_EMPLYR_ID, DELETE_AT, REGIST_DT, UPDT_DT, DELETE_DT)
VALUES(1, 1, '김춘향 -> 홍길동 테스트 피드에 코멘트 내용 입니다.', '00000000000000000002', 'N', NOW(), NULL, NULL);
INSERT INTO TB_FEED_CM(CM_SN, FEED_SN, CN, REGIST_EMPLYR_ID, DELETE_AT, REGIST_DT, UPDT_DT, DELETE_DT)
VALUES(2, 1, '남도일 -> 홍길동 테스트 피드에 코멘트 내용 입니다.', '00000000000000000003', 'N', NOW(), NULL, NULL);
INSERT INTO TB_FEED_CM(CM_SN, FEED_SN, CN, REGIST_EMPLYR_ID, DELETE_AT, REGIST_DT, UPDT_DT, DELETE_DT)
VALUES(3, 2, '홍길동 -> 김춘향 테스트 피드에 코멘트 내용 입니다.', '00000000000000000001', 'N', NOW(), NULL, NULL);
INSERT INTO TB_FEED_CM(CM_SN, FEED_SN, CN, REGIST_EMPLYR_ID, DELETE_AT, REGIST_DT, UPDT_DT, DELETE_DT)
VALUES(4, 2, '남도일 -> 김춘향 테스트 피드에 코멘트 내용 입니다.', '00000000000000000003', 'N', NOW(), NULL, NULL);
INSERT INTO TB_FEED_CM(CM_SN, FEED_SN, CN, REGIST_EMPLYR_ID, DELETE_AT, REGIST_DT, UPDT_DT, DELETE_DT)
VALUES(5, 3, '홍길동 -> 남도일 테스트 피드에 코멘트 내용 입니다.', '00000000000000000001', 'N', NOW(), NULL, NULL);
INSERT INTO TB_FEED_CM(CM_SN, FEED_SN, CN, REGIST_EMPLYR_ID, DELETE_AT, REGIST_DT, UPDT_DT, DELETE_DT)
VALUES(6, 3, '김춘향 -> 남도일 테스트 피드에 코멘트 내용 입니다.', '00000000000000000002', 'N', NOW(), NULL, NULL);

/* 사용자 Follow 샘플 데이터 */
INSERT INTO TB_FOLLOW(EMPLYR_ID, TRGET_EMPLYR_ID, PERM_AT, REQUST_DT, PERM_DT)
VALUES('00000000000000000001', '00000000000000000002', 'Y', NOW(), NOW());
INSERT INTO TB_FOLLOW(EMPLYR_ID, TRGET_EMPLYR_ID, PERM_AT, REQUST_DT, PERM_DT)
VALUES('00000000000000000001', '00000000000000000003', 'Y', NOW(), NOW());
INSERT INTO TB_FOLLOW(EMPLYR_ID, TRGET_EMPLYR_ID, PERM_AT, REQUST_DT, PERM_DT)
VALUES('00000000000000000002', '00000000000000000001', 'Y', NOW(), NOW());
INSERT INTO TB_FOLLOW(EMPLYR_ID, TRGET_EMPLYR_ID, PERM_AT, REQUST_DT, PERM_DT)
VALUES('00000000000000000002', '00000000000000000003', 'Y', NOW(), NOW());
INSERT INTO TB_FOLLOW(EMPLYR_ID, TRGET_EMPLYR_ID, PERM_AT, REQUST_DT, PERM_DT)
VALUES('00000000000000000003', '00000000000000000001', 'N', NOW(), NOW());
INSERT INTO TB_FOLLOW(EMPLYR_ID, TRGET_EMPLYR_ID, PERM_AT, REQUST_DT, PERM_DT)
VALUES('00000000000000000003', '00000000000000000002', 'N', NOW(), NOW());
